date,time,Vctrl,stretchAmt,stretchAngle,AmtFreq1,Freq1,errFreq1,AmtAmp1,Amp1,errAmp1,AmtFreq2,Freq2,errFreq2,AmtAmp2,Amp2,errAmp2,VDD_VCO1_shunt,VDD_driver_shunt,VDD,VDD_VCO2_shunt,VDD_ring_shunt,strain_1,strain_2,strain_3,temp,V_diode_shunt,V_diode,VDD_VCO1_amps,VDD_VCO2_amps,VDD_driver_amps,VDD_ring_amps,Diode_amps,angle,strain,stretchDiffs
5/2/2023,10:15 AM,0.0,9.9e-05,30.0,512.0,434314300.0,1379000.0,512.0,0.0623734,0.0011218,512,439758700.0,1458100.0,512,0.0605314,0.0014262,0.043212924,0.020465746,1.1964791,0.042953016,0.000166384,350.4459,351.44588,349.94644,24.238,-3.697e-06,-1.0310007,0.0008229465625595,0.0008215955623565,0.0035779276223776,1.6891776649746192e-07,-3.6933066933066924e-09,25.07052704341552,0.0013489346772041144,1.799999999999999e-05
5/2/2023,10:15 AM,0.1,9.9e-05,30.0,512.0,477923400.0,1946600.0,512.0,0.0622231,0.0009802921,512,489082400.0,1622000.0,512,0.0599008,0.0016267,0.038447383,0.021699595,1.1961969,0.038397359,0.00016149,350.44697,351.44588,349.94644,24.324,-3.262e-06,-0.84489441,0.0007321916396876,0.0007344559869931,0.0037936354895104,1.639492385786802e-07,-3.2587412587412587e-09,25.094530796291995,0.0013497304021774102,1.799999999999999e-05
5/2/2023,10:16 AM,0.2,9.9e-05,30.0,512.0,537428500.0,2323800.0,512.0,0.0556945,0.0012143,512,541625200.0,1904100.0,512,0.0536792,0.0010717,0.039294963,0.022743248,1.1958713,0.039240807,0.000199443,350.44697,351.44695,349.94644,24.406,-3.371e-06,-0.65866938,0.0007483329461055,0.000750589269319,0.0039760923076923,2.024802030456853e-07,-3.3676323676323674e-09,25.092351948515578,0.0013514311468285625,1.799999999999999e-05
5/2/2023,10:16 AM,0.3,9.9e-05,30.0,512.0,606509800.0,2878500.0,512.0,0.0580382,0.0012363,512,593750100.0,2365900.0,512,0.0553732,0.0012678,0.03925788,0.022737267,1.1955022,0.039444273,0.000208686,350.4459,351.44482,349.94751,24.194,-3.045e-06,-0.47311394,0.0007476267377642,0.0007544811208875,0.0039750466783216,2.1186395939086294e-07,-3.041958041958042e-09,25.050763231075802,0.0013461651753437298,1.799999999999999e-05
5/2/2023,10:17 AM,0.4,9.9e-05,30.0,512.0,668797300.0,3396500.0,512.0,0.0606159,0.0019385,512,642549800.0,2533200.0,512,0.0542995,0.0012839,0.038495775,0.021746248,1.1957085,0.038950886,0.000189982,350.44697,351.44695,349.94964,24.102,-2.827e-06,-0.2870056,0.0007331132165301,0.0007450437260902,0.0038017916083916,1.928751269035533e-07,-2.824175824175824e-09,25.026887296367242,0.0013481877272535584,1.799999999999999e-05
5/2/2023,10:17 AM,0.5,9.9e-05,30.0,512.0,721127800.0,3377300.0,512.0,0.0625213,0.0023302,512,688371700.0,3115800.0,512,0.0595504,0.0011081,0.038219448,0.020562423,1.1964466,0.038614636,0.000177258,350.4459,351.44482,349.94857,24.34,-2.284e-06,-0.10100452,0.0007278508474576,0.0007386120122417,0.0035948291958041,1.7995736040609137e-07,-2.2817182817182812e-09,25.029022263985524,0.001345091411649338,1.799999999999999e-05
5/2/2023,10:18 AM,0.6,9.9e-05,30.0,512.0,767396100.0,4748700.0,512.0,0.0598637,0.0010693,512,732621700.0,3202000.0,512,0.0572054,0.0013055,0.038114289,0.020554702,1.1963055,0.038931746,0.00017715,350.44803,351.44695,349.94751,24.334,-3.045e-06,0.084950719,0.0007258482003427,0.0007446776205049,0.0035934793706293,1.7984771573604064e-07,-3.041958041958042e-09,25.0942814924442,0.0013511342231249724,1.799999999999999e-05
5/2/2023,10:18 AM,0.7,9.9e-05,30.0,512.0,810488800.0,5344200.0,512.0,0.0572601,0.0022798,512,772876600.0,4357800.0,512,0.0559144,0.0010769,0.038524593,0.022286944,1.195893,0.03870283,0.000215864,350.4459,351.44588,349.94964,24.058,-3.371e-06,0.26992535,0.0007336620262807,0.0007402989671002,0.0038963188811188,2.1915126903553298e-07,-3.3676323676323674e-09,25.004942644406345,0.0013456933288518266,1.799999999999999e-05
5/2/2023,10:18 AM,0.8,9.9e-05,30.0,512.0,838829000.0,4927500.0,512.0,0.050003,0.0013803,512,804294400.0,4288500.0,512,0.0540404,0.0021593,0.038804838,0.023221846,1.1957736,0.038947841,0.000210861,350.44483,351.44482,349.94751,24.016,9.461e-06,0.45616242,0.0007389990097124,0.0007449854820198,0.0040597632867132,2.1407208121827413e-07,9.45154845154845e-09,25.02671242610594,0.0013453709701783372,1.799999999999999e-05
5/2/2023,10:19 AM,0.9,9.9e-05,30.0,512.0,843602200.0,5198200.0,512.0,0.0501915,0.0010623,512,816458200.0,3993400.0,512,0.0494507,0.0015417,0.040632775,0.023506765,1.1955673,0.040899208,0.000212601,350.44483,351.44588,349.94857,24.169,0.010590595,0.63148044,0.0007738102266235,0.0007823107880642,0.0041095743006993,2.1583857868020307e-07,1.0580014985014984e-05,25.002858013285774,0.0013459830860792004,1.799999999999999e-05
5/2/2023,10:19 AM,1.0,9.9e-05,30.0,512.0,840619500.0,5148500.0,512.0,0.0498644,0.0011986,512,816031200.0,4007500.0,512,0.0494373,0.0015783,0.046668163,0.024277458,1.1956867,0.0469471,0.000229457,350.4459,351.44588,349.94751,24.212,0.15033753,0.67809916,0.0008887481051228,0.000897993496557,0.0042443108391608,2.3295126903553298e-07,0.0001501873426573,25.048637178100368,0.0013478501605990053,1.799999999999999e-05
5/2/2023,10:20 AM,1.1,9.9e-05,30.0,512.0,840368700.0,5274200.0,512.0,0.0497876,0.0011735,512,816865800.0,3885000.0,512,0.0491753,0.0014418,0.047561634,0.024405345,1.1955891,0.047830458,0.000222388,350.44697,351.44695,349.94857,24.285,0.32897558,0.68507494,0.0009057633593601,0.0009148901683244,0.0042666687062937,2.257746192893401e-07,0.0003286469330669,25.048816901375563,0.0013492715561905142,1.799999999999999e-05
5/2/2023,10:20 AM,1.2,9.9e-05,30.0,512.0,846805400.0,5593300.0,512.0,0.0502542,0.0010206,512,825019500.0,3912700.0,512,0.049922,0.0012861,0.039138801,0.023407913,1.1957193,0.039498973,0.000212492,350.44376,351.44695,349.94644,24.024,0.5073466,0.69253275,0.000745358998286,0.0007555274100994,0.0040922924825174,2.157279187817259e-07,0.0005068397602397,25.020389712287454,0.0013490466951642682,1.799999999999999e-05
5/2/2023,10:21 AM,0.0,8.1e-05,30.0,512.0,433794000.0,1330000.0,512.0,0.0620609,0.001147,512,439549300.0,1369900.0,512,0.0603356,0.0014841,0.043161378,0.020438016,1.1963489,0.042908103,0.000194114,350.48868,351.37851,350.0951,24.328,-3.045e-06,-1.0305448,0.0008219649209674,0.0008207364766641,0.0035730797202797,1.970700507614213e-07,-3.041958041958042e-09,22.715945497256136,0.0011262276362070931,-1.799999999999999e-05
5/2/2023,10:21 AM,0.1,8.1e-05,30.0,512.0,477446500.0,1977800.0,512.0,0.0620182,0.0009600986,512,489014800.0,1657500.0,512,0.0599189,0.0017616,0.038394423,0.021682957,1.1961643,0.038335808,0.000189112,350.48547,351.37958,350.0951,24.219,-3.262e-06,-0.84457412,0.0007311830698914,0.0007332786534047,0.0037907267482517,1.919918781725888e-07,-3.2587412587412587e-09,22.628274500951406,0.00112579688605469,-1.799999999999999e-05
5/2/2023,10:22 AM,0.2,8.1e-05,30.0,512.0,536837500.0,2348100.0,512.0,0.0554804,0.0012426,512,541578000.0,1997200.0,512,0.0536535,0.001063,0.039179582,0.022746619,1.1960015,0.039125969,0.000189438,350.48333,351.37958,350.09296,24.043,-2.719e-06,-0.65849893,0.0007461356313083,0.0007483926740627,0.0039766816433566,1.923228426395939e-07,-2.716283716283716e-09,22.628077783727026,0.0011263838276376376,-1.799999999999999e-05
5/2/2023,10:22 AM,0.3,8.1e-05,30.0,512.0,606069300.0,2861100.0,512.0,0.0578194,0.0013115,512,593571600.0,2377000.0,512,0.0553932,0.0012372,0.039240372,0.022742269,1.1959473,0.039446774,0.000193788,350.48226,351.37958,350.09189,24.18,-2.501e-06,-0.47287399,0.0007472933155589,0.0007545289594491,0.0039759211538461,1.9673908629441626e-07,-2.4985014985014983e-09,22.627979724787924,0.0011266772984464472,-1.799999999999999e-05
5/2/2023,10:23 AM,0.4,8.1e-05,30.0,512.0,668696600.0,3293700.0,512.0,0.0600971,0.0019707,512,642442400.0,2532200.0,512,0.0542193,0.0011951,0.038492839,0.021767236,1.1961861,0.038989165,0.000189655,350.4844,351.37958,350.09296,24.129,-2.936e-06,-0.28675697,0.0007330573033707,0.0007457759181331,0.0038054608391608,1.9254314720812185e-07,-2.933066933066933e-09,22.657169250502406,0.0011270946559831202,-1.799999999999999e-05
5/2/2023,10:23 AM,0.5,8.1e-05,30.0,512.0,720605800.0,3646800.0,512.0,0.0624407,0.0023824,512,688286600.0,3006600.0,512,0.0594975,0.0010787,0.038085471,0.020542848,1.1962946,0.038499908,0.000183239,350.48119,351.37958,350.09189,24.098,-2.719e-06,-0.10111092,0.0007252993905922,0.0007364175210405,0.0035914069930069,1.860294416243655e-07,-2.716283716283716e-09,22.598917538607054,0.0011259674866889282,-1.799999999999999e-05
5/2/2023,10:23 AM,0.6,8.1e-05,30.0,512.0,766896400.0,4505400.0,512.0,0.0596741,0.0010731,512,732186500.0,3189200.0,512,0.0571303,0.0013048,0.037988251,0.020522404,1.1957302,0.038783412,0.000211079,350.4844,351.37958,350.09189,24.154,-2.501e-06,0.085125802,0.0007234479337269,0.0007418403213465,0.0035878328671328,2.1429340101522846e-07,-2.4985014985014983e-09,22.686103247093303,0.001128099959915451,-1.799999999999999e-05
5/2/2023,10:24 AM,0.7,8.1e-05,30.0,512.0,809798600.0,5347600.0,512.0,0.0573234,0.0022418,512,772306500.0,4446500.0,512,0.0560228,0.0009943453,0.03845456,0.02223953,1.1959907,0.038680646,0.000210317,350.48547,351.37851,350.09189,24.103,-2.719e-06,0.27000353,0.0007323283184155,0.0007398746365723,0.0038880297202797,2.1351979695431475e-07,-2.716283716283716e-09,22.715383051623824,0.0011271080037121865,-1.799999999999999e-05
5/2/2023,10:24 AM,0.8,8.1e-05,30.0,512.0,837898100.0,4994200.0,512.0,0.0496727,0.00154,512,803629800.0,4236100.0,512,0.0541194,0.0022656,0.038784934,0.023194768,1.1957953,0.038939141,0.000198355,350.48547,351.38064,350.09403,24.315,1.0222e-05,0.45584539,0.0007386199581032,0.0007448190703902,0.0040550293706293,2.013756345177665e-07,1.0211788211788211e-08,22.657138802188417,0.0011284900752755846,-1.799999999999999e-05
5/2/2023,10:25 AM,0.9,8.1e-05,30.0,512.0,842655100.0,5290800.0,512.0,0.0499165,0.001179,512,815183100.0,3857900.0,512,0.0494511,0.0016393,0.040643106,0.023482623,1.1955239,0.040952277,0.000199878,350.49188,351.38278,350.09296,24.57,0.010838213,0.63167152,0.0007740069701009,0.0007833258798775,0.0041053536713286,2.0292182741116758e-07,1.0827385614385614e-05,22.85943326506182,0.0011371904550766705,-1.799999999999999e-05
5/2/2023,10:25 AM,1.0,8.1e-05,30.0,512.0,839600100.0,5012800.0,512.0,0.0495314,0.0012522,512,815203900.0,3899800.0,512,0.0493747,0.0016196,0.046592366,0.02424342,1.195372,0.046888703,0.000255556,350.48868,351.38171,350.09403,24.428,0.1511464,0.6774651,0.0008873046276899,0.0008968764919663,0.0042383601398601,2.594477157360406e-07,0.0001509954045954,22.74416385787384,0.001132333436889947,-1.799999999999999e-05
5/2/2023,10:26 AM,1.1,8.1e-05,30.0,512.0,839241200.0,5069400.0,512.0,0.0495903,0.0012909,512,816339000.0,3717100.0,512,0.0492496,0.0014099,0.047457019,0.024369785,1.1953611,0.047770429,0.000230327,350.48761,351.37958,350.09296,24.419,0.32964438,0.68463739,0.0009037710721767,0.0009137419472073,0.0042604519230769,2.338345177664975e-07,0.000329315064935,22.744441465989897,0.0011292332229654273,-1.799999999999999e-05
5/2/2023,10:26 AM,1.2,8.1e-05,30.0,512.0,846459600.0,5624500.0,512.0,0.0500445,0.0010125,512,824345200.0,3919400.0,512,0.0498575,0.0012415,0.038909562,0.023363653,1.1954045,0.039292462,0.00022315,350.4844,351.38064,350.09189,24.064,0.50756375,0.69243721,0.0007409933726909,0.0007515773144605,0.0040845547202797,2.265482233502538e-07,0.0005070566933066,22.685916325882904,0.001129788840109278,-1.799999999999999e-05
5/2/2023,10:27 AM,0.0,6.1e-05,30.0,512.0,433188100.0,1411100.0,512.0,0.0618705,0.0011309,512,439396300.0,1419600.0,512,0.0603488,0.0014404,0.043059155,0.020405609,1.1960775,0.042844595,0.000198573,350.54322,351.29401,350.23413,24.421,-2.501e-06,-1.030675,0.0008200181870119,0.0008195217100229,0.0035674141608391,2.0159695431472086e-07,-2.4985014985014983e-09,19.84890863324326,0.0009010109300275813,-2.0000000000000005e-05
5/2/2023,10:28 AM,0.1,6.1e-05,30.0,512.0,477022900.0,1944600.0,512.0,0.0619136,0.0009706018,512,488975700.0,1637600.0,512,0.0599049,0.0016476,0.038311992,0.021655335,1.1960558,0.038299595,0.000168993,350.54215,351.29295,350.2352,24.321,-3.045e-06,-0.8447967,0.0007296132546181,0.000732585979342,0.0037858977272727,1.7156649746192899e-07,-3.041958041958042e-09,19.76836249500812,0.0008978129918989113,-2.0000000000000005e-05
5/2/2023,10:28 AM,0.2,6.1e-05,30.0,512.0,536337500.0,2401600.0,512.0,0.0553819,0.0012264,512,541281600.0,1887500.0,512,0.0536219,0.0011151,0.03914326,0.022694964,1.1958713,0.039138693,0.000206076,350.54536,351.29401,350.2352,24.509,-2.719e-06,-0.6584707,0.0007454439154446,0.000748636055853,0.003967651048951,2.092142131979696e-07,-2.716283716283716e-09,19.882260775094384,0.0009013359691870922,-2.0000000000000005e-05
5/2/2023,10:28 AM,0.3,6.1e-05,30.0,512.0,605233200.0,2836700.0,512.0,0.0575215,0.0012136,512,593249700.0,2494700.0,512,0.0552792,0.0012356,0.03918143,0.022733678,1.1958821,0.039422741,0.000188133,350.54001,351.29081,350.23199,24.193,-2.719e-06,-0.47313239,0.0007461708246048,0.0007540692616679,0.0039744192307692,1.909979695431472e-07,-2.716283716283716e-09,19.808805550859752,0.000895890481663197,-2.0000000000000005e-05
5/2/2023,10:29 AM,0.4,6.1e-05,30.0,512.0,667763000.0,3087000.0,512.0,0.0599266,0.0017573,512,641958500.0,2368000.0,512,0.0540949,0.0012459,0.038459018,0.021755056,1.195817,0.038932943,0.000178998,350.54215,351.29295,350.23306,24.224,-2.719e-06,-0.28714457,0.0007324132165301,0.0007447005164498,0.0038033314685314,1.817238578680203e-07,-2.716283716283716e-09,19.84898330225071,0.0008996153604544693,-2.0000000000000005e-05
5/2/2023,10:29 AM,0.5,6.1e-05,30.0,512.0,719612700.0,3345800.0,512.0,0.0626741,0.0023032,512,687633600.0,3014100.0,512,0.0594158,0.0011314,0.037989556,0.02050533,1.1961318,0.03843455,0.000171386,350.53894,351.29188,350.23306,24.107,-2.501e-06,-0.10143881,0.0007234727861359,0.0007351673680183,0.0035848479020979,1.739959390862944e-07,-2.4985014985014983e-09,19.73518310000613,0.0008960800576525549,-2.0000000000000005e-05
5/2/2023,10:30 AM,0.6,6.1e-05,30.0,512.0,765946700.0,4472000.0,512.0,0.0595912,0.0010269,512,731526800.0,3226100.0,512,0.0570494,0.0013059,0.037937683,0.020505439,1.195893,0.038754268,0.000209991,350.54001,351.29295,350.23413,24.336,-2.392e-06,0.085500981,0.0007224849171586,0.0007412828615149,0.0035848669580419,2.1318883248730966e-07,-2.3896103896103903e-09,19.735140207514736,0.000897491524917528,-2.0000000000000005e-05
5/2/2023,10:30 AM,0.7,6.1e-05,30.0,512.0,808685800.0,5031500.0,512.0,0.0571958,0.0021489,512,771487900.0,4501200.0,512,0.0560712,0.0010005,0.038357448,0.022184504,1.1956108,0.038580054,0.000221953,350.54108,351.29295,350.2352,24.199,-2.719e-06,0.27035856,0.0007304789183012,0.0007379505355776,0.0038784097902097,2.2533299492385786e-07,-2.716283716283716e-09,19.73153028795665,0.0008972028116982734,-2.0000000000000005e-05
5/2/2023,10:30 AM,0.8,6.1e-05,30.0,512.0,836785700.0,5198500.0,512.0,0.049566,0.001654,512,802617000.0,4489600.0,512,0.0543609,0.0019968,0.038650305,0.023152683,1.1955456,0.038838659,0.000230218,350.54108,351.29295,350.23413,24.226,1.0657e-05,0.4562395,0.0007360560845553,0.0007428970734506,0.0040476718531468,2.337238578680203e-07,1.0646353646353646e-08,19.77192551654228,0.0008981018295141235,-2.0000000000000005e-05
5/2/2023,10:31 AM,0.9,6.1e-05,30.0,512.0,841952800.0,5234500.0,512.0,0.0497922,0.0011912,512,814681500.0,3995700.0,512,0.0497087,0.0017261,0.040410931,0.023471748,1.1957627,0.040775234,0.000209447,350.53787,351.29401,350.2352,23.936,0.010560798,0.63217095,0.0007695854313464,0.000779939441469,0.0041034524475524,2.1263654822335025e-07,1.0550247752247753e-05,19.624762051732212,0.0008970638488358341,-2.0000000000000005e-05
5/2/2023,10:31 AM,1.0,6.1e-05,30.0,512.0,838687900.0,5508300.0,512.0,0.0494204,0.0013816,512,814533600.0,4038700.0,512,0.0494641,0.0017164,0.046484054,0.024218409,1.1956216,0.046789852,0.000211622,350.54108,351.29508,350.23413,24.317,0.15079136,0.6777767,0.0008852419348695,0.0008949856924254,0.0042339875874125,2.148446700507614e-07,0.0001506407192807,19.778905948018345,0.0009014865805431016,-2.0000000000000005e-05
5/2/2023,10:32 AM,1.1,6.1e-05,30.0,512.0,838101600.0,5222500.0,512.0,0.0493303,0.0013745,512,815368200.0,3880400.0,512,0.0492652,0.0015025,0.047353818,0.024348688,1.1954588,0.047693001,0.000244573,350.54215,351.29401,350.23413,24.257,0.32926113,0.68487625,0.0009018057131974,0.0009122609219586,0.0042567636363636,2.48297461928934e-07,0.0003289321978021,19.812151781703687,0.0009003979544384112,-2.0000000000000005e-05
5/2/2023,10:32 AM,1.2,6.1e-05,30.0,512.0,845194800.0,5477200.0,512.0,0.0499787,0.0010532,512,823219900.0,3753100.0,512,0.0497367,0.0011849,0.038908692,0.023355171,1.1955348,0.03938979,0.00021097,350.53787,351.29295,350.23413,24.122,0.50783192,0.69235469,0.0007409768044182,0.0007534389824024,0.0040830718531468,2.141827411167513e-07,0.0005073245954045,19.661597137550732,0.0008962747422246373,-2.0000000000000005e-05
5/2/2023,10:33 AM,0.0,4e-05,30.0,512.0,432634700.0,1454800.0,512.0,0.0619391,0.0011767,512,439139800.0,1433400.0,512,0.0602769,0.0014143,0.04293703,0.020389841,1.1960341,0.042717795,0.000172691,350.60632,351.18386,350.37638,23.964,-3.371e-06,-1.030903,0.0008176924395353,0.0008170963083397,0.0035646575174825,1.753208121827411e-07,-3.3676323676323674e-09,14.897854932684037,0.0006503929535567201,-2.0999999999999995e-05
5/2/2023,10:33 AM,0.1,4e-05,30.0,512.0,476251500.0,1968300.0,512.0,0.0619007,0.0010171,512,488618400.0,1642300.0,512,0.0598501,0.0015275,0.038203788,0.021636739,1.1960558,0.038198025,0.000192592,350.60739,351.18492,350.37638,24.018,-2.61e-06,-0.84527224,0.0007275526185488,0.0007306431713848,0.0037826466783216,1.955248730964467e-07,-2.6073926073926075e-09,14.960887317643618,0.0006524926300865688,-2.0999999999999995e-05
5/2/2023,10:34 AM,0.2,4e-05,30.0,512.0,535595500.0,2392700.0,512.0,0.0554091,0.0012243,512,540996800.0,1970800.0,512,0.0536165,0.0010791,0.039018309,0.022668321,1.195665,0.039011023,0.000208251,350.60846,351.18706,350.37959,24.176,-3.262e-06,-0.65888761,0.0007430643496476,0.0007461940130068,0.0039629931818181,2.1142233502538078e-07,-3.2587412587412587e-09,14.847840748143483,0.0006541691430416224,-2.0999999999999995e-05
5/2/2023,10:34 AM,0.3,4e-05,30.0,512.0,604509700.0,3020900.0,512.0,0.0576684,0.0011884,512,592737200.0,2361600.0,512,0.0552678,0.0012888,0.039134995,0.022714212,1.1955891,0.039371086,0.000182152,350.61381,351.18813,350.38066,24.377,-3.371e-06,-0.47306074,0.0007452865168539,0.0007530812165263,0.003971016083916,1.849258883248731e-07,-3.3676323676323674e-09,15.046843425311698,0.0006573637027338897,-2.0999999999999995e-05
5/2/2023,10:35 AM,0.4,4e-05,30.0,512.0,666429300.0,3295500.0,512.0,0.0598542,0.0017743,512,641349100.0,2360200.0,512,0.0540747,0.0013583,0.038442924,0.021754295,1.1958821,0.03895491,0.000199225,350.61274,351.18599,350.38066,24.298,-3.262e-06,-0.28718257,0.000732106722529,0.0007451206962509,0.0038031984265734,2.0225888324873097e-07,-3.2587412587412587e-09,14.970196004773166,0.0006535741538327948,-2.0999999999999995e-05
5/2/2023,10:35 AM,0.5,4e-05,30.0,512.0,718452600.0,3458700.0,512.0,0.0629974,0.0021195,512,686948400.0,3192500.0,512,0.0593029,0.001129,0.037933986,0.020483255,1.1958604,0.038411822,0.000184109,350.6106,351.18599,350.38173,24.207,-3.154e-06,-0.10129007,0.0007224145115216,0.0007347326319816,0.0035809886363636,1.8691269035533002e-07,-3.150849150849151e-09,14.806702321787892,0.0006519848002778991,-2.0999999999999995e-05
5/2/2023,10:35 AM,0.6,4e-05,30.0,512.0,764395700.0,4579200.0,512.0,0.0598075,0.0010595,512,730677400.0,3117700.0,512,0.0570643,0.0013621,0.037893532,0.020484342,1.1957736,0.038702939,0.000207381,350.61488,351.18706,350.38066,24.422,-3.154e-06,0.085187027,0.0007216441058845,0.0007403010520275,0.0035811786713286,2.1053908629441626e-07,-3.150849150849151e-09,15.083505595347019,0.0006561420024219868,-2.0999999999999995e-05
5/2/2023,10:36 AM,0.7,4e-05,30.0,512.0,807160400.0,5302500.0,512.0,0.0574367,0.0018845,512,770134800.0,4255000.0,512,0.0560885,0.001035,0.038282521,0.022106858,1.1955022,0.038551236,0.000174431,350.61381,351.1892,350.38066,24.382,-1.631e-06,0.2705985,0.0007290520091411,0.0007373993114001,0.0038648353146853,1.7708730964467006e-07,-1.6293706293706291e-09,15.060098621187015,0.0006590349887862317,-2.0999999999999995e-05
5/2/2023,10:36 AM,0.8,4e-05,30.0,512.0,835385300.0,4982300.0,512.0,0.0495289,0.0017394,512,801202800.0,4367600.0,512,0.0543893,0.0018656,0.038591364,0.023112773,1.1954154,0.038786566,0.000199878,350.61274,351.18706,350.38173,24.44,1.1201e-05,0.45663253,0.0007349336126452,0.0007419006503443,0.0040406945804195,2.0292182741116758e-07,1.1189810189810189e-08,14.920180822799932,0.0006545401696959693,-2.0999999999999995e-05
5/2/2023,10:37 AM,0.9,4e-05,30.0,512.0,840012700.0,4918200.0,512.0,0.0496591,0.0012609,512,813567200.0,3899700.0,512,0.049747,0.0018643,0.040416042,0.023424443,1.195372,0.040776539,0.000235438,350.61381,351.18813,350.38386,24.445,0.010786993,0.63175295,0.0007696827651875,0.0007799644032134,0.0040951823426573,2.390233502538072e-07,1.0776216783216784e-05,14.857106267203392,0.0006552565257517816,-2.0999999999999995e-05
5/2/2023,10:37 AM,1.0,4e-05,30.0,512.0,837133300.0,5267200.0,512.0,0.0494791,0.0015118,512,813389800.0,4167100.0,512,0.0497539,0.0018954,0.046381396,0.024197855,1.1955565,0.046724821,0.000216625,350.61167,351.18599,350.37852,24.198,0.15118548,0.6777843,0.0008832869167777,0.0008937417941851,0.0042303942307692,2.199238578680203e-07,0.0001510344455544,15.04697098119478,0.0006545403757743602,-2.0999999999999995e-05
5/2/2023,10:38 AM,1.1,4e-05,30.0,512.0,836826900.0,5230600.0,512.0,0.0493348,0.0015027,512,814534400.0,3797400.0,512,0.0495264,0.0016356,0.047307165,0.024327156,1.1956433,0.047665488,0.000227826,350.61167,351.18599,350.38066,24.321,0.32913627,0.68466996,0.0009009172538564,0.0009117346595256,0.0042529993006993,2.3129543147208122e-07,0.0003288074625374,14.920244845608117,0.00065312850075579,-2.0999999999999995e-05
5/2/2023,10:38 AM,1.2,4e-05,30.0,512.0,843808700.0,5098000.0,512.0,0.0499336,0.0011206,512,822184600.0,3802700.0,512,0.0496033,0.0012587,0.038878895,0.023338532,1.195893,0.039401426,0.0002101,350.6106,351.18599,350.37745,24.076,0.5072022,0.69220378,0.0007404093505998,0.0007536615531752,0.0040801629370629,2.1329949238578681e-07,0.0005066955044955,15.06028959645022,0.0006548000000636269,-2.0999999999999995e-05
5/2/2023,10:39 AM,0.0,1.9e-05,30.0,512.0,431810400.0,1367700.0,512.0,0.0620457,0.001163,512,438929300.0,1396300.0,512,0.0603215,0.0014381,0.042875805,0.020356129,1.1958604,0.042714207,0.00015453,350.71862,351.06942,350.54001,24.025,-3.371e-06,-1.0310549,0.0008165264711483,0.0008170276778882,0.0035587638111888,1.5688324873096446e-07,-3.3676323676323674e-09,4.973679102875028,0.00043103237952649696,-2.1000000000000002e-05
5/2/2023,10:39 AM,0.1,1.9e-05,30.0,512.0,475561800.0,1916000.0,512.0,0.0620641,0.0009797602,512,488560900.0,1701500.0,512,0.0598157,0.0016344,0.038117443,0.021609009,1.1958496,0.038133864,0.000168341,350.71541,351.06514,350.53787,23.858,-2.719e-06,-0.84509853,0.0007259082650923,0.0007294159143075,0.0037777987762237,1.7090456852791877e-07,-2.716283716283716e-09,4.806452237664306,0.000425033940023628,-2.1000000000000002e-05
5/2/2023,10:40 AM,0.2,1.9e-05,30.0,512.0,534949100.0,2387700.0,512.0,0.0553086,0.0013536,512,540759700.0,1901700.0,512,0.0535879,0.0011452,0.038891836,0.022634609,1.1954914,0.038909779,0.000224781,350.72076,351.06835,350.54001,24.033,-3.154e-06,-0.65852064,0.0007406557988954,0.0007442574407039,0.0039570994755244,2.282040609137056e-07,-3.150849150849151e-09,5.064349714561338,0.00042977544518668154,-2.1000000000000002e-05
5/2/2023,10:40 AM,0.3,1.9e-05,30.0,512.0,603926200.0,2970500.0,512.0,0.0575044,0.0012265,512,592498600.0,2392400.0,512,0.0551873,0.0011772,0.039072031,0.02269964,1.1957519,0.039322476,0.000236634,350.7229,351.06942,350.54215,24.041,-2.284e-06,-0.47297062,0.0007440874309655,0.0007521514154552,0.0039684685314685,2.4023756345177666e-07,-2.2817182817182812e-09,5.015206905752451,0.0004310746385623509,-2.1000000000000002e-05
5/2/2023,10:40 AM,0.4,1.9e-05,30.0,512.0,665824600.0,3230000.0,512.0,0.05995,0.0017822,512,640797600.0,2499800.0,512,0.0540744,0.00133,0.038392791,0.021751685,1.1958387,0.038946645,0.000210209,350.72504,351.07049,350.54429,24.221,-2.501e-06,-0.28654959,0.0007311519900971,0.0007449626052027,0.0038027421328671,2.1341015228426402e-07,-2.4985014985014983e-09,4.965822987412559,0.00043237482062107664,-2.1000000000000002e-05
5/2/2023,10:41 AM,0.5,1.9e-05,30.0,512.0,717333800.0,3627300.0,512.0,0.0631993,0.0021327,512,686067600.0,2973000.0,512,0.0592891,0.0011,0.037828501,0.020461288,1.1958713,0.038353534,0.000191722,350.72183,351.06942,350.54215,24.08,-3.806e-06,-0.10129658,0.0007204056560655,0.0007336177123182,0.0035771482517482,1.946416243654822e-07,-3.802197802197802e-09,4.9452369555896984,0.0004309419087373654,-2.1000000000000002e-05
5/2/2023,10:41 AM,0.6,1.9e-05,30.0,512.0,763586700.0,4520700.0,512.0,0.0599679,0.0010078,512,729728500.0,3136600.0,512,0.0569583,0.0013435,0.03778783,0.020471292,1.1959581,0.038647695,0.000199334,350.71862,351.06728,350.54108,24.032,-2.61e-06,0.084559115,0.0007196311178823,0.0007392443573068,0.0035788972027972,2.0236954314720815e-07,-2.6073926073926075e-09,4.756705333763729,0.00042775046126857256,-2.1000000000000002e-05
5/2/2023,10:42 AM,0.7,1.9e-05,30.0,512.0,805847400.0,4927500.0,512.0,0.0575974,0.0018037,512,769543700.0,4563100.0,512,0.0560779,0.0010569,0.038163987,0.022057161,1.195665,0.038439444,0.000192918,350.71755,351.06835,350.54001,23.838,-2.284e-06,0.27043456,0.0007267946486383,0.000735260979342,0.003856147027972,1.958558375634518e-07,-2.2817182817182812e-09,4.855413577525596,0.00042937900633571626,-2.1000000000000002e-05
5/2/2023,10:42 AM,0.8,1.9e-05,30.0,512.0,834348000.0,5153100.0,512.0,0.0497776,0.0019234,512,800434300.0,4277000.0,512,0.0545544,0.0017262,0.038414758,0.023085695,1.1955131,0.038651066,0.000194658,350.71434,351.06728,350.53894,23.728,9.352e-06,0.45600499,0.000731570329461,0.0007393088370313,0.0040359606643356,1.9762233502538078e-07,9.342657342657342e-09,4.717418194068493,0.000427712462349239,-2.1000000000000002e-05
5/2/2023,10:43 AM,0.9,1.9e-05,30.0,512.0,839028500.0,4940900.0,512.0,0.0496743,0.0013867,512,812758300.0,3969100.0,512,0.0501014,0.0021054,0.040356339,0.023428466,1.1960232,0.040755551,0.00018835,350.72183,351.06835,350.54108,23.994,0.010741863,0.6325021,0.0007685457817558,0.0007795629495026,0.0040958856643356,1.9121827411167518e-07,1.0731131868131868e-05,5.0153168149463285,0.000429662529894372,-2.1000000000000002e-05
5/2/2023,10:43 AM,1.0,1.9e-05,30.0,512.0,836152800.0,5159800.0,512.0,0.049414,0.0016823,512,812292800.0,4009600.0,512,0.0501465,0.0020091,0.046256011,0.024161316,1.1956759,0.046678277,0.000220431,350.72076,351.06835,350.54215,24.072,0.15085217,0.67800796,0.0008808990858884,0.0008928515110941,0.0042240062937062,2.2378781725888325e-07,0.0001507014685314,4.826170967806012,0.00042928993635484925,-2.1000000000000002e-05
5/2/2023,10:43 AM,1.1,1.9e-05,30.0,512.0,835656000.0,5046200.0,512.0,0.0493549,0.0016358,512,813500300.0,3924500.0,512,0.049572,0.001841,0.047128056,0.02429464,1.1956433,0.047514329,0.000206294,350.71969,351.06942,350.54108,23.952,0.32934473,0.68534854,0.0008975063035612,0.000908843324407,0.0042473146853146,2.0943553299492386e-07,0.0003290157142857,4.924711959666257,0.0004309212810846626,-2.1000000000000002e-05
5/2/2023,10:44 AM,1.2,1.9e-05,30.0,512.0,842777500.0,5153900.0,512.0,0.0499682,0.0010952,512,821237900.0,3886200.0,512,0.0494442,0.0012551,0.038814952,0.023288074,1.1958387,0.039298769,0.000230653,350.7229,351.06835,350.54429,24.089,0.50798283,0.69207566,0.0007391916206436,0.0007516979533282,0.0040713416083916,2.3416548223350253e-07,0.0005074753546453,4.726555739475635,0.00042907471180826255,-2.1000000000000002e-05
5/2/2023,10:45 AM,0.0,0.0,30.0,512.0,430898400.0,1429100.0,512.0,0.0620531,0.0011061,512,438834000.0,1375600.0,512,0.0601579,0.0014678,0.043015439,0.020369287,1.1963163,0.042832524,0.000171386,350.91969,350.92076,350.57317,24.331,-2.827e-06,-1.0306425,0.0008191856598743,0.0008192908186687,0.0035610641608391,1.739959390862944e-07,-2.824175824175824e-09,12.899104467050096,0.0002409574276920798,-1.9e-05
5/2/2023,10:45 AM,0.1,0.0,30.0,512.0,474671600.0,1967300.0,512.0,0.0619775,0.0009620145,512,488471600.0,1685300.0,512,0.0597538,0.0016547,0.038235869,0.021602266,1.1960992,0.038224559,0.000187589,350.91327,350.92076,350.57103,24.153,-2.936e-06,-0.84494653,0.000728163568844,0.0007311507077276,0.0037766199300699,1.904456852791878e-07,-2.933066933066933e-09,12.129041018269008,0.00023996410992917908,-1.9e-05
5/2/2023,10:45 AM,0.2,0.0,30.0,512.0,533964300.0,2280600.0,512.0,0.0553742,0.0014355,512,540268400.0,1995000.0,512,0.0535188,0.0011487,0.038995799,0.022624387,1.195969,0.038976224,0.000199551,350.9122,350.92397,350.57424,24.043,-2.175e-06,-0.65868458,0.0007426356693963,0.0007455283856159,0.0039553124125874,2.0258984771573605e-07,-2.172827172827173e-09,11.21548186802922,0.00024284978862967955,-1.9e-05
5/2/2023,10:46 AM,0.3,0.0,30.0,512.0,602581000.0,2968600.0,512.0,0.0574602,0.0011144,512,591972400.0,2335200.0,512,0.0551742,0.0011547,0.039123577,0.022710298,1.1962946,0.039374892,0.000219778,350.9122,350.92183,350.57424,24.065,-2.61e-06,-0.47265576,0.0007450690725576,0.0007531540168324,0.0039703318181818,2.2312487309644674e-07,-2.6073926073926075e-09,11.025170629583638,0.00023959562725778887,-1.9e-05
5/2/2023,10:46 AM,0.4,0.0,30.0,512.0,664170700.0,3419000.0,512.0,0.0594161,0.0018584,512,640061500.0,2465400.0,512,0.0539712,0.0013285,0.038462063,0.021756253,1.1960775,0.038981879,0.000176606,350.91541,350.92183,350.57531,24.157,-3.262e-06,-0.28699691,0.0007324712054846,0.0007456365531752,0.0038035407342657,1.792954314720812e-07,-3.2587412587412587e-09,11.389944736796394,0.00024002414646505146,-1.9e-05
5/2/2023,10:47 AM,0.5,0.0,30.0,512.0,716035300.0,3495800.0,512.0,0.0633067,0.0018817,512,685217100.0,3048500.0,512,0.059268,0.0011179,0.037834808,0.02044628,1.1963597,0.038383113,0.000180086,350.9122,350.92183,350.57531,23.964,-1.849e-06,-0.10052029,0.0007205257665206,0.0007341834927314,0.0035745244755244,1.828284263959391e-07,-1.847152847152847e-09,10.698485779124056,0.0002390725237341305,-1.9e-05
5/2/2023,10:47 AM,0.6,0.0,30.0,512.0,761711200.0,4469700.0,512.0,0.0601307,0.0010206,512,728940500.0,3226700.0,512,0.0568237,0.0012536,0.037842421,0.020479883,1.1964031,0.038711965,0.000183457,350.91434,350.92183,350.57531,24.147,-2.936e-06,0.085293273,0.0007206707484288,0.0007404736993114,0.0035803991258741,1.862507614213198e-07,-2.933066933066933e-09,11.157893073403372,0.00023969952874526503,-1.9e-05
5/2/2023,10:48 AM,0.7,0.0,30.0,512.0,804148200.0,5021600.0,512.0,0.0576519,0.0016818,512,768281700.0,4193700.0,512,0.0560569,0.0010259,0.03819063,0.021945256,1.195893,0.038494253,0.000218147,350.91541,350.92397,350.57317,24.129,-2.501e-06,0.2699449,0.0007273020377071,0.0007363093534812,0.0038365832167832,2.2146903553299493e-07,-2.4985014985014983e-09,12.215247131468036,0.00024442832543834433,-1.9e-05
5/2/2023,10:48 AM,0.8,0.0,30.0,512.0,832245000.0,4992100.0,512.0,0.0497833,0.0023531,512,799030100.0,4474300.0,512,0.0547126,0.0016543,0.038459345,0.023044261,1.195893,0.038695218,0.00020923,350.91327,350.9229,350.57745,23.969,1.0657e-05,0.45656522,0.0007324194439154,0.0007401533664881,0.0040287169580419,2.1241624365482237e-07,1.0646353646353646e-08,10.36853563294941,0.0002399763622861159,-1.9e-05
5/2/2023,10:48 AM,0.9,0.0,30.0,512.0,836856800.0,5041300.0,512.0,0.0494914,0.0015997,512,810779500.0,3929700.0,512,0.0508707,0.0023466,0.04027815,0.023381379,1.1958496,0.040707376,0.000218256,350.91648,350.92183,350.57424,24.196,0.010569716,0.63179421,0.000767056751095,0.000778641469013,0.0040876536713286,2.215796954314721e-07,1.0559156843156843e-05,11.950162985169726,0.00024092149155438986,-1.9e-05
5/2/2023,10:49 AM,1.0,0.0,30.0,512.0,833975900.0,5147900.0,512.0,0.0493909,0.0019895,512,810357100.0,4059600.0,512,0.0506429,0.0024264,0.046216753,0.024123037,1.1955782,0.046608243,0.000222932,350.91434,350.92397,350.57424,24.185,0.15023982,0.67795802,0.0008801514568653,0.0008915119166029,0.0042173141608391,2.263269035532995e-07,0.0001500897302697,11.668905705690083,0.00024350985801744682,-1.9e-05
5/2/2023,10:49 AM,1.1,0.0,30.0,512.0,833946000.0,4990600.0,512.0,0.0493247,0.0019068,512,811301400.0,3894700.0,512,0.0502093,0.0022439,0.047040406,0.02425212,1.1953611,0.047446362,0.000233698,350.9122,350.9229,350.57638,23.954,0.32914712,0.68532031,0.0008958370976956,0.0009075432670237,0.0042398811188811,2.372568527918782e-07,0.0003288183016983,10.47083984336932,0.00024018184943895568,-1.9e-05
5/2/2023,10:50 AM,1.2,0.0,30.0,512.0,840541800.0,5251500.0,512.0,0.0497011,0.0012227,512,819302000.0,3946900.0,512,0.0492938,0.0013348,0.038732192,0.023250991,1.1956759,0.039242873,0.000206294,350.91006,350.92503,350.57638,23.984,0.50787209,0.69253384,0.0007376155398971,0.0007506287872991,0.0040648585664335,2.0943553299492386e-07,0.0005073647252747,10.224807621747741,0.00024280941294180057,-1.9e-05
